{"stat.craftItem.careyonstools.stickdirt":4,"stat.leaveGame":3,"stat.craftItem.careyonstools.pickaxecobblestone":1,"stat.jump":171,"stat.swimOneCm":406,"stat.fallOneCm":954,"stat.crouchOneCm":3,"stat.craftItem.minecraft.iron_ingot":2,"stat.pickup.minecraft.dirt":19,"stat.useItem.minecraft.dirt":1,"stat.useItem.minecraft.stone_slab2":5,"stat.craftingTableInteraction":7,"stat.pickup.minecraft.iron_ore":2,"stat.craftItem.minecraft.furnace":1,"stat.craftItem.careyonstools.stickcobblestone":4,"stat.pickup.minecraft.cobblestone":58,"stat.flyOneCm":182,"stat.pickup.minecraft.wheat_seeds":9,"stat.drop.minecraft.wheat_seeds":2,"stat.mineBlock.minecraft.iron_ore":2,"stat.sleepInBed":1,"stat.timeSinceDeath":20024,"stat.mineBlock.minecraft.dirt":19,"stat.walkOneCm":120933,"stat.craftItem.minecraft.bed":2,"stat.craftItem.minecraft.crafting_table":1,"stat.furnaceInteraction":10,"stat.mineBlock.minecraft.double_plant":2,"stat.drop.careyonstools.stickcobblestone":5,"stat.useItem.careyonstools.pickaxecobblestone":8,"stat.pickup.minecraft.log":21,"stat.useItem.careyonstools.pickaxedirt":52,"stat.craftItem.minecraft.stone_slab2":0,"stat.pickup.minecraft.sapling":4,"stat.pickup.minecraft.apple":1,"stat.craftItem.minecraft.planks":12,"stat.mineBlock.minecraft.log":21,"stat.craftItem.minecraft.shears":1,"stat.drop":7,"stat.mineBlock.minecraft.leaves":41,"stat.craftItem.careyonstools.pickaxedirt":1,"stat.playOneMinute":20024,"stat.sneakTime":17,"stat.pickup.minecraft.wool":11,"stat.pickup.careyonstools.stickcobblestone":1,"stat.mineBlock.minecraft.stone":58,"stat.mineBlock.minecraft.tallgrass":53}