{"stat.useItem.minecraft.stone":7,"stat.craftItem.careyonstools.stickdirt":8,"stat.leaveGame":7,"stat.craftItem.careyonstools.pickaxecobblestone":1,"stat.jump":103,"stat.swimOneCm":13704,"stat.pickup.minecraft.coal":16,"stat.fallOneCm":7847,"stat.crouchOneCm":179,"stat.pickup.minecraft.dirt":10,"stat.useItem.minecraft.dirt":2,"stat.useItem.minecraft.stone_slab2":5,"stat.craftingTableInteraction":8,"stat.pickup.minecraft.iron_ore":1,"stat.craftItem.minecraft.furnace":1,"stat.pickup.minecraft.gold_ore":3,"stat.mineBlock.minecraft.lapis_ore":2,"stat.damageTaken":750,"stat.craftItem.careyonstools.stickcobblestone":4,"stat.pickup.minecraft.cobblestone":102,"stat.pickup.minecraft.dye":12,"stat.flyOneCm":1787,"stat.pickup.minecraft.wheat_seeds":2,"stat.damageDealt":66,"stat.mineBlock.minecraft.iron_ore":2,"stat.timeSinceDeath":2819,"stat.mineBlock.minecraft.dirt":10,"stat.walkOneCm":25216,"stat.craftItem.minecraft.crafting_table":2,"stat.furnaceInteraction":2,"stat.mineBlock.minecraft.double_plant":2,"stat.mineBlock.minecraft.coal_ore":16,"stat.useItem.careyonstools.pickaxecobblestone":95,"stat.pickup.minecraft.log":5,"stat.useItem.careyonstools.pickaxedirt":52,"stat.entityKilledBy.Skeleton":1,"stat.pickup.minecraft.stone":11,"stat.sprintOneCm":2723,"stat.craftItem.minecraft.planks":20,"stat.mobKills":1,"stat.mineBlock.minecraft.log":5,"stat.deaths":2,"stat.craftItem.careyonstools.pickaxedirt":1,"stat.playOneMinute":12779,"stat.sneakTime":47,"stat.pickup.careyonstools.stickcobblestone":3,"stat.mineBlock.minecraft.stone":123,"stat.mineBlock.minecraft.gold_ore":3,"stat.mineBlock.minecraft.tallgrass":15,"stat.diveOneCm":463}